{"train_loss": 0.22602584520856778, "_timestamp": 1720438764.236161, "val_loss": 0.7228733552129645, "_runtime": 18681.854438066483, "_step": 29}