{"train_loss": 0.013520739551544368, "_timestamp": 1720356128.8508868, "val_loss": 0.01983681625049365, "_runtime": 194.5821418762207, "_step": 9, "_wandb": {"runtime": 194}}