{"_step": 2, "_runtime": 1481.2439749240875, "_timestamp": 1720417903.183595, "train_loss": 1.052525142352738}