{"train_loss": 0.013476238901096725, "_timestamp": 1720355676.169864, "val_loss": 0.01957175211588803, "_runtime": 195.257493019104, "_step": 9, "_wandb": {"runtime": 194}}