{"train_loss": 1.052525142352738, "_timestamp": 1720417903.183595, "_runtime": 1481.2439749240875, "_step": 2, "_wandb": {"runtime": 1875}}