{"train_loss": 0.7603011452509257, "_timestamp": 1720360728.494263, "val_loss": 2.114348737817062, "_runtime": 1113.0592319965363, "_step": 58}