{"train_loss": 0.339341731316696, "_timestamp": 1720367836.4016042, "val_loss": 0.7851275063194005, "_runtime": 2824.144991159439, "_step": 14}