{"train_loss": 0.6924103716176427, "_timestamp": 1720359110.80782, "val_loss": 2.2545244819239567, "_runtime": 191.99719619750977, "_step": 9, "_wandb": {"runtime": 191}}