{"train_loss": 1.6864794035871586, "_timestamp": 1720359572.1702552, "val_loss": 1.9084391782158299, "_runtime": 100.66792821884155, "_step": 4}